101,Fortnite,Positive,"Just got the new season of Fortnite, and the graphics are amazing! Can't wait to play more! ğŸ®ğŸŒŸ"
102,Call of Duty,Negative,"The latest Call of Duty update has ruined the game balance. So frustrating! ğŸ˜©"
103,League of Legends,Neutral,"I watched a League of Legends tournament today. The strategies were fascinating!"
104,Apex Legends,Irrelevant,"I had a dream I was a character in Apex Legends last night! It was epic! ğŸš€"
105,Overwatch,Negative,"@Blizzard why is Overwatch so laggy? I can't even play properly! ğŸ˜¡"
106,Minecraft,Positive,"Just built the coolest castle in Minecraft! Thanks to all the tutorials online! ğŸ°âœ¨"
107,The Witcher 3,Positive,"The storytelling in The Witcher 3 is on another level! Best RPG ever! ğŸ‰"
108,CS:GO,Negative,"Matchmaking in CS:GO is a mess. I keep getting matched with cheaters. ğŸ˜¤"
109,Roblox,Neutral,"Tried a new game on Roblox today. It was fun, but a bit buggy!"
110,Assassin's Creed,Positive,"Just finished the latest Assassin's Creed game, and the graphics were stunning! ğŸ®ğŸ˜"
111,Fortnite,Positive,"The new skins in Fortnite are so cool! Can't wait to show them off! ğŸ‰"
112,League of Legends,Negative,"Another day, another toxic player in League. Why can't people just chill? ğŸ˜©"
113,Minecraft,Positive,"Just discovered a new survival mode in Minecraft. Itâ€™s so challenging! ğŸ†"
114,CS:GO,Negative,"Why is it so hard to find a decent match in CS:GO? The hackers are everywhere! ğŸ˜¡"
115,Call of Duty,Neutral,"Just played the campaign mode in Call of Duty. It was decent, nothing groundbreaking."
116,Apex Legends,Positive,"The new character in Apex is a game-changer! Loving the new abilities! ğŸ®ğŸ’¥"
117,Roblox,Negative,"Why do so many games on Roblox have ads? Itâ€™s really annoying! ğŸ˜¤"
118,Overwatch,Positive,"Just had the best game of Overwatch! Teamwork makes the dream work! ğŸ™Œ"
119,GTA V,Neutral,"Finally finished the story mode in GTA V. What a ride! Now onto the online mode."
120,FIFA,Negative,"FIFA's ultimate team is so pay-to-win now. It's hard to enjoy the game anymore. ğŸ˜©"
121,Among Us,Positive,"Playing Among Us with friends is always a blast! Can't stop laughing! ğŸ˜‚"
122,Tekken,Negative,"The matchmaking in Tekken is broken. I keep facing the same players over and over. ğŸ˜’"
123,Final Fantasy,Positive,"Just started playing Final Fantasy VII Remake, and Iâ€™m hooked! Such a great story! ğŸŒŸ"
124,The Witcher 3,Positive,"Just completed all the side quests in The Witcher 3. Itâ€™s such an immersive world! ğŸ§™â€â™‚ï¸"
125,Destiny 2,Negative,"Destiny 2 has become too grindy. I miss the fun factor! ğŸ˜"
126,Dark Souls,Positive,"Finally beat the final boss in Dark Souls! What an exhilarating experience! ğŸ‰"
127,Skyrim,Neutral,"I love going back to Skyrim. It never gets old exploring that world."
128,Animal Crossing,Positive,"Just finished decorating my island in Animal Crossing. It looks amazing! ğŸï¸âœ¨"
129,God of War,Negative,"The new God of War feels a bit repetitive compared to the last one. Not as engaging. ğŸ˜”"
130,Madden NFL,Positive,"Madden NFL has really improved this year. The gameplay feels smooth! ğŸˆ"
131,Sims 4,Neutral,"Just built a new house in Sims 4. The build mode is so creative! ğŸ¨"
132,Monster Hunter,Positive,"Hunting monsters with friends in Monster Hunter is the best! ğŸ‰"
133,Halo,Negative,"The new Halo multiplayer feels empty. Missing the classic maps! ğŸ˜¢"
134,Borderlands,Positive,"Borderlands 3 is such a fun loot shooter! Can't stop playing! ğŸ”«"
135,Resident Evil,Neutral,"Finished Resident Evil Village, and it was a wild ride! What a story!"
136,Street Fighter,Negative,"Street Fighterâ€™s online matchmaking is lagging way too much lately. ğŸ˜¡"
137,Fall Guys,Positive,"Fall Guys is the perfect game for a good laugh with friends! ğŸ˜‚"
138,Dragon Age,Neutral,"Just started a new playthrough in Dragon Age. The story is so engaging."
139,World of Warcraft,Positive,"Raiding in WoW with my guild is the highlight of my week! ğŸ†"
140,League of Legends,Negative,"I'm so tired of the toxicity in League. Why can't we just enjoy the game? ğŸ˜©"
141,Fortnite,Positive,"The new Fortnite season has such awesome new mechanics! I'm loving it! ğŸ®"
142,Call of Duty,Neutral,"I just completed a few matches in Call of Duty. Itâ€™s still as fun as ever."
143,Overwatch,Positive,"Just had an amazing game as Mercy in Overwatch. Team won thanks to my healing! ğŸ™"
144,Roblox,Negative,"Why are so many games on Roblox just clones of others? It's getting boring. ğŸ˜’"
145,Minecraft,Positive,"Built a massive castle in Minecraft today! Can't believe how much time I spent on it! â³"
146,CS:GO,Negative,"CS:GO has too many cheaters lately. It's ruining the competitive experience. ğŸ˜"
147,FIFA,Neutral,"Just played a friendly match in FIFA. Always a classic game!"
148,Apex Legends,Positive,"The new event in Apex Legends is so much fun! Can't get enough of it! ğŸŠ"
149,GTA V,Negative,"GTA V online feels a bit stale now. Need new content to keep things fresh! ğŸ˜©"
150,Among Us,Positive,"Among Us nights with friends are always the highlight of my week! ğŸ˜‚"
151,Final Fantasy,Neutral,"Replaying Final Fantasy IX. Itâ€™s just as good as I remember!"
152,The Witcher 3,Positive,"Every time I play The Witcher 3, I discover something new. Such a rich world! ğŸŒ"
153,Destiny 2,Negative,"The grind in Destiny 2 is getting out of hand. I just want to enjoy the game. ğŸ˜¡"
154,Dark Souls,Positive,"Just defeated a tough boss in Dark Souls. Feeling accomplished! ğŸ’ª"
155,Skyrim,Neutral,"I love revisiting Skyrim. Itâ€™s a great escape from reality."
156,Animal Crossing,Positive,"My island in Animal Crossing is finally coming together! So proud! ğŸ¦‹"
157,God of War,Negative,"The new God of War seems to lack the magic of the original. Disappointed. ğŸ˜”"
158,Madden NFL,Positive,"Playing Madden NFL with friends is always a blast! ğŸ†"
159,Sims 4,Neutral,"Built a cute cafÃ© in Sims 4. Can't wait to see how my Sims interact with it! â˜•"
160,Monster Hunter,Positive,"Just took down a huge monster in Monster Hunter! What a rush! âš”ï¸"
161,Halo,Negative,"The new Halo campaign feels repetitive. Missing the old charm. ğŸ˜"
162,Borderlands,Positive,"Borderlands 3 is still one of my favorites! The humor is top-notch! ğŸ˜‚"
163,Resident Evil,Neutral,"Just started Resident Evil Village. The atmosphere is incredible!"
164,Street Fighter,Negative,"The online experience in Street Fighter is laggy and frustrating. ğŸ˜¡"
165,Fall Guys,Positive,"Fall Guys is so chaotic and fun! I can't stop playing! ğŸ˜‚"
166,Dragon Age,Neutral,"Enjoying my second playthrough of Dragon Age. Still love the characters!"
167,World of Warcraft,Positive,"Just hit max level in WoW! Ready to dive into the endgame content! ğŸ‰"
168,League of Legends,Negative,"Every game in League is filled with trolls. When will it end? ğŸ˜©"
169,Fortnite,Positive,"The new updates in Fortnite have really improved gameplay! Loving it! ğŸŒŸ"
170,Call of Duty,Neutral,"Had a decent game session in Call of Duty today. Same old fun!"
171,Overwatch,Positive,"Playing as Reaper in Overwatch was so much fun! We dominated the match! ğŸ’ª"
172,Roblox,Negative,"It's frustrating that some Roblox games are pay-to-win. Not cool! ğŸ˜¤"
173,Minecraft,Positive,"Just discovered a cool new mod in Minecraft! It's like a whole new game! ğŸ®"
174,CS:GO,Negative,"Iâ€™m done with CS:GO matchmaking. Too many toxic players. ğŸ˜’"
175,FIFA,Neutral,"Had a good game of FIFA with friends. It never gets old!"
176,Apex Legends,Positive,"The new season of Apex Legends is fantastic! The maps are beautiful! ğŸŒˆ"
177,GTA V,Negative,"The lack of new content in GTA V online is disappointing. ğŸ˜©"
178,Among Us,Positive,"Among Us is a perfect game for bonding with friends! So much fun! ğŸ˜‚"
179,Final Fantasy,Neutral,"Enjoying the music in Final Fantasy XIV. It's so calming!"
180,The Witcher 3,Positive,"I love the side quests in The Witcher 3. They feel so meaningful! ğŸ§™â€â™‚ï¸"
181,Destiny 2,Negative,"The new expansion in Destiny 2 feels too grindy. Not sure how much longer Iâ€™ll play. ğŸ˜"
182,Dark Souls,Positive,"Just completed Dark Souls without dying! Feeling like a pro! ğŸ‰"
183,Skyrim,Neutral,"Just got lost in Skyrim again. The world is so captivating!"
184,Animal Crossing,Positive,"I love visiting my friends' islands in Animal Crossing! So creative! ğŸŒº"
185,God of War,Negative,"The story in the new God of War feels a bit underwhelming. ğŸ˜”"
186,Madden NFL,Positive,"Madden NFL keeps getting better! Love the new gameplay features! ğŸˆ"
187,Sims 4,Neutral,"My Sims are living their best lives in Sims 4. Itâ€™s so fun to play!"
188,Monster Hunter,Positive,"Hunting with friends in Monster Hunter is the best experience! ğŸ®"
189,Halo,Negative,"I was expecting so much more from the new Halo. It feels off. ğŸ˜"
190,Borderlands,Positive,"The humor in Borderlands is unbeatable! Always makes me laugh!
111,Fortnite,Positive,"The new skins in Fortnite are so cool! Can't wait to show them off! ğŸ‰"
112,League of Legends,Negative,"Another day, another toxic player in League. Why can't people just chill? ğŸ˜©"
113,Minecraft,Positive,"Just discovered a new survival mode in Minecraft. Itâ€™s so challenging! ğŸ†"
114,CS:GO,Negative,"Why is it so hard to find a decent match in CS:GO? The hackers are everywhere! ğŸ˜¡"
115,Call of Duty,Neutral,"Just played the campaign mode in Call of Duty. It was decent, nothing groundbreaking."
116,Apex Legends,Positive,"The new character in Apex is a game-changer! Loving the new abilities! ğŸ®ğŸ’¥"
117,Roblox,Negative,"Why do so many games on Roblox have ads? Itâ€™s really annoying! ğŸ˜¤"
118,Overwatch,Positive,"Just had the best game of Overwatch! Teamwork makes the dream work! ğŸ™Œ"
119,GTA V,Neutral,"Finally finished the story mode in GTA V. What a ride! Now onto the online mode."
120,FIFA,Negative,"FIFA's ultimate team is so pay-to-win now. It's hard to enjoy the game anymore. ğŸ˜©"
121,Among Us,Positive,"Playing Among Us with friends is always a blast! Can't stop laughing! ğŸ˜‚"
122,Tekken,Negative,"The matchmaking in Tekken is broken. I keep facing the same players over and over. ğŸ˜’"
123,Final Fantasy,Positive,"Just started playing Final Fantasy VII Remake, and Iâ€™m hooked! Such a great story! ğŸŒŸ"
124,The Witcher 3,Positive,"Just completed all the side quests in The Witcher 3. Itâ€™s such an immersive world! ğŸ§™â€â™‚ï¸"
125,Destiny 2,Negative,"Destiny 2 has become too grindy. I miss the fun factor! ğŸ˜"
126,Dark Souls,Positive,"Finally beat the final boss in Dark Souls! What an exhilarating experience! ğŸ‰"
127,Skyrim,Neutral,"I love going back to Skyrim. It never gets old exploring that world."
128,Animal Crossing,Positive,"Just finished decorating my island in Animal Crossing. It looks amazing! ğŸï¸âœ¨"
129,God of War,Negative,"The new God of War feels a bit repetitive compared to the last one. Not as engaging. ğŸ˜”"
130,Madden NFL,Positive,"Madden NFL has really improved this year. The gameplay feels smooth! ğŸˆ"
131,Sims 4,Neutral,"Just built a new house in Sims 4. The build mode is so creative! ğŸ¨"
132,Monster Hunter,Positive,"Hunting monsters with friends in Monster Hunter is the best! ğŸ‰"
133,Halo,Negative,"The new Halo multiplayer feels empty. Missing the classic maps! ğŸ˜¢"
134,Borderlands,Positive,"Borderlands 3 is such a fun loot shooter! Can't stop playing! ğŸ”«"
135,Resident Evil,Neutral,"Finished Resident Evil Village, and it was a wild ride! What a story!"
136,Street Fighter,Negative,"Street Fighterâ€™s online matchmaking is lagging way too much lately. ğŸ˜¡"
137,Fall Guys,Positive,"Fall Guys is the perfect game for a good laugh with friends! ğŸ˜‚"
138,Dragon Age,Neutral,"Just started a new playthrough in Dragon Age. The story is so engaging."
139,World of Warcraft,Positive,"Raiding in WoW with my guild is the highlight of my week! ğŸ†"
140,League of Legends,Negative,"I'm so tired of the toxicity in League. Why can't we just enjoy the game? ğŸ˜©"
141,Fortnite,Positive,"The new Fortnite season has such awesome new mechanics! I'm loving it! ğŸ®"
142,Call of Duty,Neutral,"I just completed a few matches in Call of Duty. Itâ€™s still as fun as ever."
143,Overwatch,Positive,"Just had an amazing game as Mercy in Overwatch. Team won thanks to my healing! ğŸ™"
144,Roblox,Negative,"Why are so many games on Roblox just clones of others? It's getting boring. ğŸ˜’"
145,Minecraft,Positive,"Built a massive castle in Minecraft today! Can't believe how much time I spent on it! â³"
146,CS:GO,Negative,"CS:GO has too many cheaters lately. It's ruining the competitive experience. ğŸ˜"
147,FIFA,Neutral,"Just played a friendly match in FIFA. Always a classic game!"
148,Apex Legends,Positive,"The new event in Apex Legends is so much fun! Can't get enough of it! ğŸŠ"
149,GTA V,Negative,"GTA V online feels a bit stale now. Need new content to keep things fresh! ğŸ˜©"
150,Among Us,Positive,"Among Us nights with friends are always the highlight of my week! ğŸ˜‚"
151,Final Fantasy,Neutral,"Replaying Final Fantasy IX. Itâ€™s just as good as I remember!"
152,The Witcher 3,Positive,"Every time I play The Witcher 3, I discover something new. Such a rich world! ğŸŒ"
153,Destiny 2,Negative,"The grind in Destiny 2 is getting out of hand. I just want to enjoy the game. ğŸ˜¡"
154,Dark Souls,Positive,"Just defeated a tough boss in Dark Souls. Feeling accomplished! ğŸ’ª"
155,Skyrim,Neutral,"I love revisiting Skyrim. Itâ€™s a great escape from reality."
156,Animal Crossing,Positive,"My island in Animal Crossing is finally coming together! So proud! ğŸ¦‹"
157,God of War,Negative,"The new God of War seems to lack the magic of the original. Disappointed. ğŸ˜”"
158,Madden NFL,Positive,"Playing Madden NFL with friends is always a blast! ğŸ†"
159,Sims 4,Neutral,"Built a cute cafÃ© in Sims 4. Can't wait to see how my Sims interact with it! â˜•"
160,Monster Hunter,Positive,"Just took down a huge monster in Monster Hunter! What a rush! âš”ï¸"
161,Halo,Negative,"The new Halo campaign feels repetitive. Missing the old charm. ğŸ˜"
162,Borderlands,Positive,"Borderlands 3 is still one of my favorites! The humor is top-notch! ğŸ˜‚"
163,Resident Evil,Neutral,"Just started Resident Evil Village. The atmosphere is incredible!"
164,Street Fighter,Negative,"The online experience in Street Fighter is laggy and frustrating. ğŸ˜¡"
165,Fall Guys,Positive,"Fall Guys is so chaotic and fun! I can't stop playing! ğŸ˜‚"
166,Dragon Age,Neutral,"Enjoying my second playthrough of Dragon Age. Still love the characters!"
167,World of Warcraft,Positive,"Just hit max level in WoW! Ready to dive into the endgame content! ğŸ‰"
168,League of Legends,Negative,"Every game in League is filled with trolls. When will it end? ğŸ˜©"
169,Fortnite,Positive,"The new updates in Fortnite have really improved gameplay! Loving it! ğŸŒŸ"
170,Call of Duty,Neutral,"Had a decent game session in Call of Duty today. Same old fun!"
171,Overwatch,Positive,"Playing as Reaper in Overwatch was so much fun! We dominated the match! ğŸ’ª"
172,Roblox,Negative,"It's frustrating that some Roblox games are pay-to-win. Not cool! ğŸ˜¤"
173,Minecraft,Positive,"Just discovered a cool new mod in Minecraft! It's like a whole new game! ğŸ®"
174,CS:GO,Negative,"Iâ€™m done with CS:GO matchmaking. Too many toxic players. ğŸ˜’"
175,FIFA,Neutral,"Had a good game of FIFA with friends. It never gets old!"
176,Apex Legends,Positive,"The new season of Apex Legends is fantastic! The maps are beautiful! ğŸŒˆ"
177,GTA V,Negative,"The lack of new content in GTA V online is disappointing. ğŸ˜©"
178,Among Us,Positive,"Among Us is a perfect game for bonding with friends! So much fun! ğŸ˜‚"
179,Final Fantasy,Neutral,"Enjoying the music in Final Fantasy XIV. It's so calming!"
180,The Witcher 3,Positive,"I love the side quests in The Witcher 3. They feel so meaningful! ğŸ§™â€â™‚ï¸"
181,Destiny 2,Negative,"The new expansion in Destiny 2 feels too grindy. Not sure how much longer Iâ€™ll play. ğŸ˜"
182,Dark Souls,Positive,"Just completed Dark Souls without dying! Feeling like a pro! ğŸ‰"
183,Skyrim,Neutral,"Just got lost in Skyrim again. The world is so captivating!"
184,Animal Crossing,Positive,"I love visiting my friends' islands in Animal Crossing! So creative! ğŸŒº"
185,God of War,Negative,"The story in the new God of War feels a bit underwhelming. ğŸ˜”"
186,Madden NFL,Positive,"Madden NFL keeps getting better! Love the new gameplay features! ğŸˆ"
187,Sims 4,Neutral,"My Sims are living their best lives in Sims 4. Itâ€™s so fun to play!"
188,Monster Hunter,Positive,"Hunting with friends in Monster Hunter is the best experience! ğŸ®"
189,Halo,Negative,"I was expecting so much more from the new Halo. It feels off. ğŸ˜"
190,Borderlands,Positive,"The humor in Borderlands is unbeatable! Always makes me laugh!
191,Resident Evil,Positive,"Resident Evil Village is such a thrilling experience! Canâ€™t wait for more. ğŸ§Ÿ"
192,Street Fighter,Neutral,"Street Fighter 5 is still fun after all these years. Classic."
193,Fall Guys,Positive,"Fall Guys is hilarious when playing with friends. Can't stop laughing! ğŸ˜‚"
194,Dragon Age,Negative,"Dragon Age: Inquisition has too many bugs in the latest patch. Itâ€™s frustrating. ğŸ˜”"
195,World of Warcraft,Neutral,"Just ran my first dungeon in WoW. Not bad, but the party was disorganized."
196,League of Legends,Negative,"The ranked experience in League is just toxic. I need a break. ğŸ˜ "
197,Fortnite,Positive,"Fortnite just keeps getting better with each new season! The new map is awesome! ğŸ®"
198,Call of Duty,Neutral,"Finished the campaign mode in Call of Duty. Nothing special, but fun."
199,Overwatch,Positive,"Overwatch 2 has brought some fresh excitement back to the game! Loving it! ğŸ’¥"
200,Roblox,Negative,"Roblox servers have been so slow lately. Itâ€™s really affecting gameplay. ğŸ˜¤"
201,Minecraft,Positive,"Minecraft's survival mode is so relaxing. Love building with friends! ğŸ—ï¸"
202,CS:GO,Negative,"Too many hackers in CS:GO. It's ruining competitive play. ğŸ˜¡"
203,FIFA,Neutral,"Had a fun match of FIFA, but the gameplay hasnâ€™t changed much. Still decent."
204,Apex Legends,Positive,"Apex Legends is super balanced right now. The updates have been great! âš”ï¸"
205,GTA V,Negative,"GTA V online is getting old. Needs something new to stay interesting. ğŸ˜’"
206,Among Us,Positive,"Playing Among Us with my crew never gets old! Always a great time. ğŸ‘¾"
207,Final Fantasy,Neutral,"The new patch in Final Fantasy XIV was decent. Nothing groundbreaking."
208,The Witcher 3,Positive,"The Witcher 3's world feels alive! Every little detail is perfect! ğŸŒ"
209,Destiny 2,Negative,"Destiny 2 has too many microtransactions now. Itâ€™s turning me off. ğŸ˜”"
210,Dark Souls,Positive,"Dark Souls is punishing, but that feeling when you beat a boss is amazing! ğŸ‰"
211,Skyrim,Neutral,"Skyrim still has some weird glitches, but itâ€™s always a fun adventure."
212,Animal Crossing,Positive,"My Animal Crossing island is finally complete! Feels so rewarding! ğŸï¸"
213,God of War,Negative,"The combat in the new God of War doesnâ€™t feel as fluid as the last one. Disappointing. ğŸ˜•"
214,Madden NFL,Positive,"Madden NFL 2024 is so much smoother than the previous versions! ğŸˆ"
215,Sims 4,Neutral,"My Sims have been having drama for days. This game never gets boring! ğŸ˜…"
216,Monster Hunter,Positive,"Monster Hunter is a great game to grind with friends. So much fun! ğŸ¦–"
217,Halo,Negative,"The new Halo multiplayer is so buggy. I canâ€™t get into it. ğŸ˜"
218,Borderlands,Positive,"Borderlands 3â€™s latest DLC was hilarious and super fun to play! ğŸ˜‚"
219,Resident Evil,Neutral,"Resident Evil 2 remake still holds up. Itâ€™s such a good balance of action and horror."
220,Street Fighter,Negative,"Online matches in Street Fighter are so laggy lately. Ruining the experience. ğŸ˜¡"
221,Fall Guys,Positive,"Fall Guys is still the best for a quick gaming session. So much fun! ğŸ®"
222,Dragon Age,Neutral,"Replaying Dragon Age Origins. Itâ€™s a classic, but some parts havenâ€™t aged well."
223,World of Warcraft,Positive,"Running a mythic dungeon in WoW is always a challenge. Love it! ğŸ†"
224,League of Legends,Negative,"Iâ€™ve had enough of toxic players in League of Legends. Time for a break. ğŸ˜¤"
225,Fortnite,Positive,"Fortnite's new game modes are a blast! They always keep things fresh! ğŸŒŸ"
226,Call of Duty,Neutral,"Had a couple of good matches in Call of Duty today. Just the usual."
227,Overwatch,Positive,"Overwatch 2 has really improved since launch. Loving the new maps! ğŸ’¥"
228,Roblox,Negative,"Roblox is starting to feel too much like a cash grab. Itâ€™s losing its charm. ğŸ˜•"
229,Minecraft,Positive,"Minecraft's modding community keeps the game alive. Thereâ€™s always something new! ğŸ› ï¸"
230,CS:GO,Negative,"CS:GO needs to fix the cheater problem. Itâ€™s unbearable right now. ğŸ˜¡"
231,FIFA,Neutral,"Played a few friendly matches in FIFA. Itâ€™s always a good time with friends."
232,Apex Legends,Positive,"Apex Legends has the best movement mechanics in any battle royale game! ğŸ®"
233,GTA V,Negative,"GTA Vâ€™s online mode feels empty without new updates. Losing interest. ğŸ˜"
234,Among Us,Positive,"Among Us is still the best party game out there! Always chaotic fun! ğŸ‰"
235,Final Fantasy,Neutral,"Final Fantasy XIV has been consistent with its updates. Nothing too exciting though."
236,The Witcher 3,Positive,"Iâ€™m still discovering new things in The Witcher 3. This game never gets old! ğŸŒ"
237,Destiny 2,Negative,"Destiny 2 has become too grind-heavy. Itâ€™s not as fun as it used to be. ğŸ˜•"
238,Dark Souls,Positive,"Finally beat Dark Souls without summoning help. What a rush! ğŸ†"
239,Skyrim,Neutral,"Skyrim mods keep things interesting, but the base game feels outdated now."
240,Animal Crossing,Positive,"Visiting friends' islands in Animal Crossing is the best part of the game! ğŸï¸"
241,God of War,Negative,"The story pacing in God of War just isnâ€™t as strong this time around. ğŸ˜•"
242,Madden NFL,Positive,"Madden NFL feels smoother and more realistic this year! Great improvement! ğŸˆ"
243,Sims 4,Neutral,"Sims 4 expansions are fun, but some feel overpriced. Still enjoying it though."
244,Monster Hunter,Positive,"Taking down giant monsters in Monster Hunter is always so satisfying! ğŸ‰"
245,Halo,Negative,"I miss the old Halo multiplayer. The new one just isnâ€™t the same. ğŸ˜”"
246,Borderlands,Positive,"Borderlands' humor and gameplay never fail to entertain! ğŸ®"
247,Resident Evil,Neutral,"Resident Evil 3 remake was fun, but too short. Not as good as the second one."
248,Street Fighter,Negative,"The balance issues in Street Fighter are getting worse. Needs a fix. ğŸ˜¤"
249,Fall Guys,Positive,"Fall Guys is such a fun game to relax and unwind. Always a laugh! ğŸ˜‚"
250,Dragon Age,Neutral,"Dragon Age: Inquisition is fun, but the story drags a bit in the middle."
251,World of Warcraft,Positive,"Just finished a raid in WoW. The teamwork was incredible! So rewarding! ğŸ…"
252,League of Legends,Negative,"The toxicity in League of Legends is unbearable. Might have to quit for good. ğŸ˜ "
253,Fortnite,Positive,"Fortnite just keeps evolving. The new events are so creative! ğŸ‰"
254,Call of Duty,Neutral,"Had a decent session in Call of Duty. The new maps are okay."
255,Overwatch,Positive,"Overwatch's competitive mode is intense! Feels great when you win! ğŸ®"
256,Roblox,Negative,"Roblox needs better quality control. Too many low-effort games flooding the platform. ğŸ˜•"
257,Minecraft,Positive,"Minecraft always feels like a new game when you start a fresh world. Love it! ğŸ—ï¸"
258,CS:GO,Negative,"CS:GO matchmaking is so frustrating lately. Canâ€™t enjoy ranked anymore. ğŸ˜¡"
259,FIFA,Neutral,"Played a few FIFA matches with friends today. Still a solid game."
260,Apex Legends,Positive,"Apex Legends' new season is so much fun! The balancing is perfect. âš”ï¸"
261,GTA V,Negative,"GTA V online is starting to feel like a grind with all the repetitive missions. ğŸ˜•"
262,Among Us,Positive,"Among Us with friends is still the best way to spend a Friday night! ğŸ‰"
263,Final Fantasy,Neutral,"Final Fantasy XIV is fun, but the latest patch didnâ€™t add much to the experience."
264,The Witcher 3,Positive,"The Witcher 3â€™s story is one of the best in any RPG. Canâ€™t stop playing! ğŸŒŸ"
265,Destiny 2,Negative,"Destiny 2's PvP mode is unbalanced. It's frustrating playing as a solo player. ğŸ˜”"
266,Dark Souls,Positive,"Finally beat Dark Souls 3! It was tough, but worth every moment. ğŸ†"
267,Skyrim,Neutral,"Skyrim's graphics are showing their age, but itâ€™s still a fantastic world to explore."
268,Animal Crossing,Positive,"I love customizing my house in Animal Crossing. The furniture options are so cute! ğŸ›‹ï¸"
269,God of War,Negative,"The puzzles in God of War feel too repetitive. Not as creative as the previous game. ğŸ˜’"
270,Madden NFL,Positive,"Madden NFL 2024 feels more realistic than ever! Loving the new updates! ğŸˆ"
271,Sims 4,Neutral,"My Sims keep getting into weird situations, but itâ€™s always entertaining! ğŸ˜…"
272,Monster Hunter,Positive,"Fighting a Rathalos in Monster Hunter with friends is the best co-op experience! ğŸ‰"
273,Halo,Negative,"The latest Halo patch broke the game. Itâ€™s almost unplayable now. ğŸ˜"
274,Borderlands,Positive,"Borderlands' loot system is so addictive. Canâ€™t stop farming for legendary items! ğŸ®"
275,Resident Evil,Neutral,"Resident Evil 7 was a solid horror experience, but the ending felt a bit rushed."
276,Street Fighter,Negative,"Street Fighter online is full of spammers. Itâ€™s ruining the ranked experience. ğŸ˜¡"
277,Fall Guys,Positive,"Fall Guys events are always fun and full of surprises! Love the creativity! ğŸ‰"
278,Dragon Age,Neutral,"Dragon Age: Origins still has one of the best stories, even if the combat feels dated."
279,World of Warcraft,Positive,"Clearing a mythic raid in WoW with my guild is the highlight of my week! ğŸ†"
280,League of Legends,Negative,"League of Legends feels more toxic with each update. Iâ€™m starting to lose hope. ğŸ˜¤"
281,Fortnite,Positive,"Fortnite's new battle pass is so worth it! Loving all the skins and rewards! ğŸŒŸ"
282,Call of Duty,Neutral,"Call of Dutyâ€™s new mode is fun, but it feels like a temporary distraction."
283,Overwatch,Positive,"Overwatch is still one of the best team-based shooters out there. Always a blast! ğŸ®"
284,Roblox,Negative,"Roblox events are starting to feel too much like cash grabs. Not a fan. ğŸ˜•"
285,Minecraft,Positive,"The new Minecraft update adds so much depth! Canâ€™t wait to explore the new caves! â›ï¸"
286,CS:GO,Negative,"CS:GOâ€™s matchmaking system needs a complete overhaul. Too many issues. ğŸ˜¡"
287,FIFA,Neutral,"FIFA is still the go-to for a quick match with friends. Itâ€™s always reliable."
288,Apex Legends,Positive,"Apex Legends' ranked mode is so rewarding when you climb the ranks! âš”ï¸"
289,GTA V,Negative,"GTA V needs fresh updates to keep the online mode engaging. Itâ€™s getting stale. ğŸ˜•"
290,Among Us,Positive,"Among Us updates have kept the game fresh. Always fun to play with friends! ğŸ‰"
291,Final Fantasy,Neutral,"Final Fantasy XIV is still a solid MMO, but the latest content was a bit underwhelming."
292,The Witcher 3,Positive,"The Witcher 3 has set the bar so high for RPGs. Everything about it is perfect! ğŸŒŸ"
293,Destiny 2,Negative,"Destiny 2's grind is becoming unbearable. Iâ€™m losing motivation to play. ğŸ˜”"
294,Dark Souls,Positive,"Dark Soulsâ€™ lore is fascinating. I keep coming back just to learn more about the world. ğŸ†"
295,Skyrim,Neutral,"Skyrim is still one of my favorite games, even if the combat is a bit outdated."
296,Animal Crossing,Positive,"Animal Crossing is my go-to game for relaxation. Love the peaceful vibes! ğŸŒ¸"
297,God of War,Negative,"The story in God of War is dragging on. Itâ€™s not as engaging as the previous one. ğŸ˜•"
298,Madden NFL,Positive,"Madden NFLâ€™s career mode is so immersive this year. Great job, EA! ğŸˆ"
299,Sims 4,Neutral,"My Sims keep getting into hilarious situations. Always good for a laugh! ğŸ˜‚"
300,Monster Hunter,Positive,"Monster Hunter's world is so immersive! I love the sense of adventure! ğŸ¦–"